{
	"Vertices": {
		"A": {"Coordinates": [0, 0], "Neighbours": ["B", "C"]},
		"B": {"Coordinates": [50, 0], "Neighbours": ["A", "C"]},
		"C": {"Coordinates": [50, 200], "Neighbours": ["A", "B"]}
	},

	"Edges": [
		{"Vertices": ["A", "B"], "Cost": 100},
		{"Vertices": ["A", "C"], "Cost": 94,
			"Shape": [[0, 0], [0, 200], [50, 200]]
		},
		{"Vertices": ["B", "C"], "Cost": 94,
			"Shape": [[50, 0], [100, 40], [50, 80], [[50, 80], [100, 140], [40, 160]], [40, 160], [50, 200]]}
	],

	"Rails": {
		"Vertices": {
			"A0": {"Coordinates": [0.0, -6.0], "Neighbours": ["", "A1"]},
			"A1": {"Coordinates": [50.0, -6.0], "Neighbours": ["A0", ""]},
			"A2": {"Coordinates": [0.0, 6.0], "Neighbours": ["", "A3"]},
			"A3": {"Coordinates": [50.0, 6.0], "Neighbours": ["A2", ""]},
			"A4": {"Coordinates": [6.0, 0.0], "Neighbours": ["", "A5"]},
			"A5": {"Coordinates": [6.0, 200.0], "Neighbours": ["A4", ""]},
			"A6": {"Coordinates": [-6.0, 0.0], "Neighbours": ["", "A7"]},
			"A7": {"Coordinates": [-6.0, 200.0], "Neighbours": ["A6", ""]},
			"A8": {"Coordinates": [50.0, 6.0], "Neighbours": ["", "A9"]},
			"A9": {"Coordinates": [0.0, 6.0], "Neighbours": ["A8", ""]},
			"A10": {"Coordinates": [50.0, -6.0], "Neighbours": ["", "A11"]},
			"A11": {"Coordinates": [0.0, -6.0], "Neighbours": ["A10", ""]},
			"A12": {"Coordinates": [53.748170285326545, -4.6852128566581825], "Neighbours": ["", "A13"]},
			"A13": {"Coordinates": [103.74817028532655, 35.31478714334182], "Neighbours": ["A12", ""]},
			"A14": {"Coordinates": [46.251829714673455, 4.6852128566581825], "Neighbours": ["", "A15"]},
			"A15": {"Coordinates": [96.25182971467345, 44.68521285665818], "Neighbours": ["A14", ""]},
			"A16": {"Coordinates": [50.0, 206.0], "Neighbours": ["", "A17"]},
			"A17": {"Coordinates": [0.0, 206.0], "Neighbours": ["A16", ""]},
			"A18": {"Coordinates": [50.0, 194.0], "Neighbours": ["", "A19"]},
			"A19": {"Coordinates": [0.0, 194.0], "Neighbours": ["A18", ""]},
			"A20": {"Coordinates": [44.17914499912801, 201.455213750218], "Neighbours": ["", "A21"]},
			"A21": {"Coordinates": [34.17914499912801, 161.455213750218], "Neighbours": ["A20", ""]},
			"A22": {"Coordinates": [55.82085500087199, 198.544786249782], "Neighbours": ["", "A23"]},
			"A23": {"Coordinates": [45.82085500087199, 158.544786249782], "Neighbours": ["A22", ""]},
			"A24": {"Coordinates": [53.748170285326545, -4.6852128566581825], "Neighbours": ["", "A25"]},
			"A25": {"Coordinates": [103.74817028532655, 35.31478714334182], "Neighbours": ["A24", ""]},
			"A26": {"Coordinates": [103.74817028532655, 44.68521285665818], "Neighbours": ["", "A27"]},
			"A27": {"Coordinates": [53.748170285326545, 84.68521285665818], "Neighbours": ["A26", ""]},
			"A28": {"Coordinates": [46.251829714673455, 4.6852128566581825], "Neighbours": ["", "A29"]},
			"A29": {"Coordinates": [96.25182971467345, 44.68521285665818], "Neighbours": ["A28", ""]},
			"A30": {"Coordinates": [96.25182971467345, 35.31478714334182], "Neighbours": ["", "A31"]},
			"A31": {"Coordinates": [46.251829714673455, 75.31478714334182], "Neighbours": ["A30", ""]},

			"A32": {"Coordinates": [54.616584372051534, 76.16761839899397], "Neighbours": ["", "A33"]},
			"A33": {"Coordinates": [41.9137829542253, 165.68660134035406], "Neighbours": ["A32", ""]},
			"A34": {"Coordinates": [45.383415627948466, 83.83238160100603], "Neighbours": ["", "A35"]},
			"A35": {"Coordinates": [38.0862170457747, 154.31339865964594], "Neighbours": ["A34", ""]}
		},

  	"Edges": [
  		{"Vertices": ["A0", "A1"]},
  		{"Vertices": ["A2", "A3"]},
  		{"Vertices": ["A4", "A5"]},
  		{"Vertices": ["A6", "A7"]},
  		{"Vertices": ["A8", "A9"]},
  		{"Vertices": ["A10", "A11"]},
  		{"Vertices": ["A12", "A13"]},
  		{"Vertices": ["A14", "A15"]},
  		{"Vertices": ["A16", "A17"]},
  		{"Vertices": ["A18", "A19"]},
  		{"Vertices": ["A20", "A21"]},
  		{"Vertices": ["A22", "A23"]},
			{"Vertices": ["A24", "A25"]},
			{"Vertices": ["A26", "A27"]},
			{"Vertices": ["A28", "A29"]},
			{"Vertices": ["A30", "A31"]},

			{"Vertices": ["A32", "A33"],
				"Shape":  [[[54.616584372051534, 76.16761839899397], [71.25476210911913, 96.26695877631194], [76.49944467565949, 112.63147806695439]], [[76.49944467565949, 112.63147806695439], [79.97551257414031, 124.51166594059762], [77.73026817340333, 134.64836566296762]], [[77.73026817340333, 134.64836566296762], [75.2038341741936, 143.88029910329985], [67.93116210817233, 151.21280712423075]], [[67.93116210817233, 151.21280712423075], [58.626356160670156, 159.979336778195], [41.9137829542253, 165.68660134035406]]]
			},
			{"Vertices": ["A34", "A35"],
				"Shape": [[[45.383415627948466, 83.83238160100603], [60.87523789087962, 102.28904122368674], [65.04914352434052, 116.22182673304572]], [[65.04914352434052, 116.22182673304572], [67.98404742586015, 124.96417405940062], [66.11773182659665, 131.62363433703243]], [[66.11773182659665, 131.62363433703243], [64.88228582580656, 137.7593808966981], [59.58427569182756, 142.59135207576944]], [[59.58427569182756, 142.59135207576944], [52.56164383933336, 149.6246632218039], [38.0862170457747, 154.31339865964594]]]
			}
  	]
  }
}
